Localidad,Departamento,Fuente,Tipo_Punto,PUNTO_DE_MUESTREO,Fecha_de_monitoreo,Ph,T_°C,TDS_mg_l,Turb_NTU,Salinidad_mg_l,As_mg_l,Fluor_mg_l,NO3_mg_l,OD_mg_l,Sat_O2_pct,Clorofila_ug_l,Algas_BGA,Cloro_libre_mg_l,Latitud,Longitud
COPACABANA,TINOGASTA,SUBTERRANEA,,POZO GRECO,1/3/2025,7.35,28.6,1952,2.35,1759.36,0.004,0.88,5.61,,,,,,-28.173542,-67.493337
SAN JOSE,TINOGASTA,SUBTERRANEA,,POZO EL BREAL,3/10/2025,7.24,20.3,1187,0.6,1097.6,0.01,0.95,6.66,,,,,,-28.000059,-67.600649
SAN JOSE,TINOGASTA,SUBTERRANEA,,POZO RETIRO,3/10/2025,7.8,25.1,831,0.71,790.4,0.01,0.67,5.32,,,,,,-28.000016,-67.625427
CIUDAD DE TINOGASTA,TINOGASTA,SUBTERRANEA,,POZO SANTA ROSA,3/10/2025,7.43,23.2,1129,0.32,1033.6,0.01,0.83,6.11,,,,,,-28.019417,-67.601602
CIUDAD DE TINOGASTA,TINOGASTA,SUBTERRANEA,,POZO SANTO DOMINGO,3/10/2025,7.54,24.7,1095,0.19,1025.92,0.01,0.74,5.91,,,,,,-28.036928,-67.595348
CIUDAD DE TINOGASTA,TINOGASTA,SUBTERRANEA,,POZO LOS ROBLEDOS,3/10/2025,7.47,26,1505,0.36,1379.2,0.01,1.08,5.27,,,,,,-28.0667,-67.578184
CIUDAD DE TINOGASTA,TINOGASTA,SUBTERRANEA,,POZO  LOS PALACIOS,3/10/2025,8.29,26.4,1285,12.3,1193.6,0.01,0.5,1.31,,,,,,-28.085729,-67.575287
CIUDAD DE TINOGASTA,TINOGASTA,SUBTERRANEA,,POZO B° 200 VV,3/10/2025,7.43,25,1838,0.49,1176.32,0.01,0.79,6.43,,,,,,-28.068797,-67.556181
FIAMBALA,TINOGASTA,SUBTERRANEA,,POZO GENDARMERÍA,3/11/2025,7.9,18.8,1071,0.61,993.28,0.03,0.58,7.81,,,,,,-27.705931,-67.629454
FIAMBALA,TINOGASTA,SUBTERRANEA,,POZO LA RAMADITA,3/11/2025,7.72,19.6,788.9,0.19,743.04,0.03,1,9.5,,,,,,-27.666883,-67.61756
FIAMBALA,TINOGASTA,SUBTERRANEA,,POZO PAMPA BLANCA,3/11/2025,7.72,19.6,613,0.13,582.66,0.03,1.11,6.6,,,,,,-27.639389,-67.617228
FIAMBALA,TINOGASTA,SUBTERRANEA,,POZO AERODROMO,3/11/2025,7.73,20,656.3,0.13,622.98,0.03,0.68,8.65,,,,,,-27.651965,-67.626237
FIAMBALA,TINOGASTA,SUBTERRANEA,,POZO ENTRE RIOS,3/11/2025,7.51,21,760.5,0.44,718.08,0.01,0.61,9.85,,,,,,-27.667654,-67.626119
FIAMBALA,TINOGASTA,SUBTERRANEA,,POZO JUAN MANUEL SALAS,3/11/2025,7.59,20.7,711.3,0.29,673.28,0.01,0.7,10.26,,,,,,-27.655124,-67.628646
FIAMBALA,TINOGASTA,SUBTERRANEA,,POZO CLUB RACING,3/11/2025,7.73,22.5,756.9,0.29,718.08,0.01,0.94,8.07,,,,,,-27.683098,-67.619299
EL PUESTO,TINOGASTA,SUBTERRANEA,,POZO,3/12/2025,8.41,29.5,618.4,0.92,601.54,0.01,0.63,3.95,,,,,,-27.955305,-67.633637
CIUDAD DE TINOGASTA,TINOGASTA,SUBTERRANEA,,POZO LOS GUAYTIMAS,4/22/2025,6.16,24.1,1507,1.94,1352.32,0.01,0.34,11.2,,,,,,-28.076069,-67.58642
EL PUEBLITO,TINOGASTA,SUBTERRANEA,,POZO,5/6/2025,7.19,22.4,1926,15.2,1690.24,0.01,1.92,2.44,,,,,,-28.287689,-67.160075
EL PUEBLITO,TINOGASTA,SUBTERRANEA,,POZO,5/15/2025,6.23,24.4,2089,0.97,1824.64,0.01,1.54,0.61,,,,,,-28.287689,-67.160075
BANDA DE LUCERO,TINOGASTA,SUBTERRANEA,,POZO OSCA,5/13/2025,6.7,24.3,904.3,0.19,839.68,0.02,3.22,5.9,,,,,,-28.172244,-67.46406
SAN JOSE,TINOGASTA,SUBTERRANEA,,POZO EL BREAL,5/22/2025,7.21,19.2,1182,1.02,1067.52,0.02,1.62,5.09,,,,,,-28.000059,-67.600649
SAUJIL,TINOGASTA,SUBTERRANEA,,POZO,6/5/2025,8.23,20.8,323.6,0.14,306.11,0.01,0.26,3.78,,,,,,-27.568301,-67.622925
MEDANITOS,TINOGASTA,SUBTERRANEA,,POZO,6/5/2025,8.08,20.8,659.9,0.46,614.4,0.03,0.47,4.94,,,,,,-27.523929,-67.599667
LOS NACIMIENTOS,TINOGASTA,SUBTERRANEA,,POZO,6/5/2025,8.16,18.2,658.7,0.45,603.14,0.03,0.77,6.11,,,,,,-27.474152,-67.603249
TATON,TINOGASTA,SUPERFICIAL,,CIS,6/5/2025,8.56,13.2,304.7,2.28,283.52,0.01,0.48,1.6,,,,,,-27.334871,-67.516694
PUERTA DE TATON,TINOGASTA,SUPERFICIAL,,CIS,6/5/2025,9.04,13.7,208.1,0.25,198.91,0.01,0.71,0.29,,,,,,-27.336645,-67.780562
COPACABANA,TINOGASTA,SUBTERRANEA,,POZO OSCA,6/6/2025,9.08,20.8,945.6,20.3,858.88,0.004,1.09,1.36,,,,,,-28.18188,-67.483873
EL PUEBLITO,TINOGASTA,SUBTERRANEA,,POZO,8/19/2025,7.48,21.1,2131,1.03,1808.64,0.02,0.66,0.98,,,,,,-28.287689,-67.160075
EL SALADO,TINOGASTA,SUBTERRANEA,,POZO B° CENTRO,8/19/2025,8.51,23.2,484.4,1.19,451.84,0.06,0.66,8.18,,,,,,-28.305119,-67.250988
BANDA DE LUCERO,TINOGASTA,SUBTERRANEA,,POZO BANDA,8/19/2025,7.86,21.9,732.5,0.57,668.16,0.01,1.75,9.06,,,,,,-28.140582,-67.478402
LA PUNTILLA,TINOGASTA,SUBTERRANEA,,POZO,8/19/2025,7.91,22.4,930.5,0.31,840.32,0.004,0.35,9.18,,,,,,-28.116187,-67.50629
CIUDAD DE TINOGASTA,TINOGASTA,SUBTERRANEA,,POZO GENDARMERÍA,8/19/2025,7.62,20.4,1124,1.5,1002.24,0.02,0.49,6.29,,,,,,-28.061586,-67.556538
CIUDAD DE TINOGASTA,TINOGASTA,SUBTERRANEA,,POZO SANTA ROSA,8/19/2025,7.6,20.7,1140,0.71,1014.4,0.02,0.5,5.67,,,,,,-28.019536,-67.601505
COPACABANA,TINOGASTA,SUBTERRANEA,,POZO OSCA,9/16/2025,7.39,24,1170,1.04,1081.6,0.004,1.13,3.82,,,,,,-28.18188,-67.483873
LOS NACIMIENTOS,TINOGASTA,SUBTERRANEA,,POZO,10/2/2025,7.91,19.5,628.4,0.73,594.5,0.02,0.66,5.54,,,,,,-27.474152,-67.603249
LA SOLEDAD,TINOGASTA,SUBTERRANEA,,POZO,10/2/2025,8.02,23.4,329.1,0.52,324.8,0.01,0.39,2.92,,,,,,-27.489829,-67.593088
ANTINACO,TINOGASTA,SUPERFICIAL,,CIS,10/3/2025,8.71,16.3,177.6,1.29,176.26,0.004,0.26,0.51,,,,,,-27.211742,-67.599932
PALO BLANCO,TINOGASTA,SUPERFICIAL,,ENTRADA DE PLANTA,12/5/2024,8.71,15.8,152.1,3.52,148.42,0.01,0.33,0.82,,,,,,-27.336645,-67.780562
PUNTA DE AGUA,TINOGASTA,SUPERFICIAL,,ENTRADA DE PLANTA,12/5/2024,8.79,17.6,184.6,15.6,180.1,0.01,0.45,0.42,,,,,,-27.205524,-67.767619
CHUQUISACA,TINOGASTA,SUPERFICIAL,,ENTRADA DE PLANTA,12/5/2024,8.94,22.1,574.1,5.51,535.42,0.01,0.75,0.26,,,,,,-27.1095,-67.701451
MESADA DE ZARATE,TINOGASTA,SUPERFICIAL,,RED,12/5/2024,8.75,21.9,212.9,2.31,206.91,0.01,0.47,0.3,,,,,,-27.106461,-67.67422
CIENAGA,TINOGASTA,SUPERFICIAL,,ENTRADA DE PLANTA,12/5/2024,8.04,24.4,159.4,3.07,157.57,0.01,0.36,0.55,,,,,,-27.130828,-67.664318
ANTINACO,TINOGASTA,SUBTERRANEA,,CIS,12/5/2024,8.08,26.6,202.2,1.79,199.74,0.01,0.41,1.35,,,,,,-27.211742,-67.599932
MEDANITOS,TINOGASTA,SUBTERRANEA,,POZO,12/5/2024,8,26.3,650.5,1.5,610.11,0.02,0.58,1.32,,,,,,-27.523929,-67.599667
LA SOLEDAD ,TINOGASTA,SUBTERRANEA,,POZO,12/5/2024,8.39,24.1,331.6,0.32,317.18,0.01,0.48,3.05,,,,,,-27.489829,-67.593088
LOS NACIMIENTOS,TINOGASTA,SUBTERRANEA,,POZO,12/5/2024,8.17,22,767.8,0.42,707.84,0.03,1.14,5.25,,,,,,-27.474152,-67.603249
SAUJIL,TINOGASTA,SUBTERRANEA,,POZO,12/5/2024,8.19,25.8,316.7,0.25,305.22,0.01,0.36,4.21,,,,,,-27.568301,-67.622925
ANILLACO,TINOGASTA,SUBTERRANEA,,POZO,12/5/2024,7.97,22.2,862.5,0.23,791.04,0.03,0.63,5.54,,,,,,-27.897459,-67.636425
EL PUESTO,TINOGASTA,SUBTERRANEA,,POZO,12/5/2024,8.25,30.5,617,0.3,584.7,0.02,0.71,1.37,,,,,,-27.955305,-67.633637
SAN JOSE,TINOGASTA,SUBTERRANEA,,POZO EL RETIRO,12/5/2024,7.93,26.6,794.9,0.41,737.28,0.01,0.7,2.81,,,,,,-28.000016,-67.625427
CIUDAD DE TINOGASTA,TINOGASTA,SUBTERRANEA,,POZO SANTO DOMINGO,12/5/2024,7.97,26,1096,0.18,999.04,0.01,0.8,3.27,,,,,,-28.036928,-67.595348
CIUDAD DE TINOGASTA,TINOGASTA,SUBTERRANEA,,POZO LOS ROBLEDOS,12/5/2024,7.68,26.9,1552,0.76,1379.84,0.01,1.07,2.8,,,,,,-28.0667,-67.578184
CIUDAD DE TINOGASTA,TINOGASTA,SUBTERRANEA,,POZO B° 200 VV,12/5/2024,7.78,25.6,1273,0.19,1148.16,0.01,0.76,4.02,,,,,,-28.068797,-67.556181
CIUDAD DE TINOGASTA,TINOGASTA,SUBTERRANEA,,POZO GENDARMERÍA,12/5/2024,7.67,24.1,1417,0.25,1263.36,0.02,0.97,7.31,,,,,,-28.061586,-67.556538
SAN JOSE,TINOGASTA,SUBTERRANEA,,ENTRADA PLANTA ,12/5/2024,8.58,18.5,897.8,53.5,816,0.02,0.99,3.01,,,,,,-27.996619,-67.622957
LA PUNTILLA,TINOGASTA,SUBTERRANEA,,POZO,12/5/2024,8.18,26.8,945.5,0.22,871.04,0.004,0.61,7.27,,,,,,-28.116187,-67.50629
COPACABANA,TINOGASTA,SUBTERRANEA,,POZO GRECO,12/5/2024,7.67,25,1506,0.34,1338.88,0.01,1.75,5.21,,,,,,-28.173542,-67.493337
EL SALADO,TINOGASTA,SUBTERRANEA,,POZO B° CENTRO,12/5/2024,8.8,27.5,483.2,0.29,462.02,0.03,1.1,8.44,,,,,,-28.305119,-67.250988
EL SALADO,TINOGASTA,SUBTERRANEA,,POZO LOS GONZALES,12/5/2024,8.93,31,378.7,0.33,367.23,0.03,0.98,4.7,,,,,,-28.299632,-67.268409
EL PUEBLITO,TINOGASTA,SUBTERRANEA,,POZO,12/5/2024,7.64,26.5,2130,0.55,1845.76,0.01,1.05,0.73,,,,,,-28.287689,-67.160075
ACONQUIJA,ANDALGALA,SUBTERRANEA,,POZO EL LINDERO ,12/22/2024,7.77,26.8,401.2,7.24,381.89,0.03,0.36,1.48,,,,,,-27.47266,-66.01292
EL POTRERO,ANDALGALA,SUPERFICIAL,,CIS,4/15/2025,8.47,16.6,293.1,0.86,278.91,0.004,0.24,1.18,,,,,,-27.497826,-66.312787
CHOYA,ANDALGALA,SUPERFICIAL,,CIS,4/15/2025,8.3,16.2,318.3,0.71,301.76,0.009,0.19,0.67,,,,,,-27.508921,-66.375542
VILLA VIL,ANDALGALA,SUPERFICIAL,,CIS,4/15/2025,8.35,21.7,440.6,10.9,418.94,0.01,0.81,1.46,,,,,,-27.563051,-66.234102
LA AGUADA,ANDALGALA,SUPERFICIAL,,TOMA CAMPING,9/4/2025,7.93,12.2,179.7,7.85,177.6,0.004,0.73,0.32,,,,,,-27.521352, -66.280548
CHOYA,ANDALGALA,SUPERFICIAL,,CIS,9/4/2025,8.85,11.2,374.1,0.92,355.14,0.004,0.49,0.42,,,,,,-27.507006,-66.373214
EL POTRERO,ANDALGALA,SUPERFICIAL,,CIS,9/4/2025,8.34,11.7,328.1,1.17,312.19,0.004,0.52,0.35,,,,,,-27.497186,-66.311334
AMANAO,ANDALGALA,SUPERFICIAL,,CIS,9/5/2025,8.81,10.7,1262,2.78,1148.8,0.004,0.99,0.24,,,,,,-27.514243,-66.505799
HUACO,ANDALGALA,SUBTERRANEA,,POZO,9/5/2025,7.23,19,519.8,0.52,494.46,0.004,0.87,0.21,,,,,,-27.618061,-66.336472
RECREO,SANTA MARIA,SUBTERRANEA,,POZO VIALIDAD,4/22/2025,7.85,18.8,593.7,0.61,561.98,0.01,0.55,15.48,,,,,,-26.723578,-66.054577
LORO HUASI,SANTA MARIA,SUBTERRANEA,,POZO,4/22/2025,8.06,19.5,552.9,0.57,525.7,0.004,0.34,15.36,,,,,,-26.730568,-66.05119
CIUDAD DE SANTA MARIA,SANTA MARIA,SUBTERRANEA,,POZO B° LA SOLEDAD,4/22/2025,8.29,20.5,361.8,0.64,350.46,0.004,0.17,5.19,,,,,,-26.712127,-66.041736
CIUDAD DE SANTA MARIA,SANTA MARIA,SUBTERRANEA,, POZO EL CAMPING,4/22/2025,8.19,20.5,535,0.56,510.78,0.004,0.19,15.37,,,,,,-26.694863,-66.048114
EL CERRITO,SANTA MARIA,SUBTERRANEA,, POZO EL CAMPING,4/22/2025,8.19,24.8,696.6,0.17,664.32,0.01,0.75,5.53,,,,,,-26.684113,-66.063012
LAS MOJARRAS,SANTA MARIA,SUBTERRANEA,,POZO LOS CANALES,4/22/2025,7.35,25,586.5,0.33,564.54,0.005,1.2,5.19,,,,,,-26.678025,-66.058632
LAS MOJARRAS,SANTA MARIA,SUBTERRANEA,,POZO N°1,4/22/2025,7.78,25.4,366.3,0.61,360.32,0.005,0.75,2.87,,,,,,-26.645316,-66.056619
EL CERRITO,SANTA MARIA,SUBTERRANEA,,POZO LA CANCHA,4/22/2025,7.86,25.6,378.6,0.52,372.54,0.01,0.71,1.65,,,,,,-26.692646,-66.069888
LAMPACITO,SANTA MARIA,SUBTERRANEA,,POZO,4/22/2025,7.72,21.2,204.7,0.28,204.48,0.005,0.34,3.05,,,,,,-26.709131,-66.066238
CHAŃAR PUNCO,SANTA MARIA,SUBTERRANEA,,POZO,4/22/2025,7.65,21.1,204.6,0.26,204.35,0.005,0.33,2.8,,,,,,-26.725067,-66.07174
MEDANITO,SANTA MARIA,SUBTERRANEA,,POZO,4/22/2025,7.03,19.5,592.3,0.31,562.05,0.004,0.33,6.42,,,,,,-26.757536,-66.076552
QUEBRADA DE JUJUIL,SANTA MARIA,SUPERFICIAL,,CIS,4/23/2025,7.7,16.1,335.2,0.65,322.05,0.005,0.31,0.25,,,,,,-26.786174,-66.014168
SAN JOSE BANDA,SANTA MARIA,SUBTERRANEA,,POZO,4/23/2025,7.74,16.8,236.1,0.37,231.17,0.004,0.37,3.94,,,,,,-26.817892,-66.090703
ENTRE RIOS,SANTA MARIA,SUPERFICIAL,,CIS,4/23/2025,7.76,14.9,207.1,0.47,203.52,0.004,0.36,0.74,,,,,,-26.829166,-66.025623
YAPE,SANTA MARIA,SUPERFICIAL,,CIS,4/23/2025,7.93,15.2,208.7,1.06,205.44,0.004,0.36,0.79,,,,,,-26.851914,-66.066894
EL DESMONTE,SANTA MARIA,SUPERFICIAL,,CIS,4/23/2025,7.72,16.3,181.1,0.53,180.54,0.004,0.3,2.13,,,,,,-26.879858,-66.100767
EL DESMONTE,SANTA MARIA,SUBTERRANEA,,POZO,4/23/2025,7.58,18.4,205.9,0.14,204.22,0.004,0.33,3.38,,,,,,-26.880438, -66.101126
AMPAJANGO,SANTA MARIA,SUPERFICIAL,,CIS,4/23/2025,7.69,15.2,136.1,2.57,133.57,0.004,0.18,0.45,,,,,,-26.9246,-66.079448
PUNTA DE BALASTO,SANTA MARIA,SUBTERRANEA,,POZO,4/23/2025,7.61,21.3,168.5,0.4,170.88,0.004,0.44,1.11,,,,,,-26.963517,-66.143788
RECREO,SANTA MARIA,SUBTERRANEA,,POZO VIALIDAD,8/7/2025,7.35,15.5,611.5,0.31,554.56,0.01,0.21,16.11,,,,,,-26.723578,-66.054577
CASA DE PIEDRA,SANTA MARIA,SUBTERRANEA,,RED ESC N° 317,8/7/2025,8.2,13.3,186.7,0.14,177.98,0.004,0.12,3.04,,,,,,-26.832625,-66.090908
CASA DE PIEDRA,SANTA MARIA,SUBTERRANEA,,RED ESC N° 317,9/18/2025,8.1,20.1,175.1,1.22,176.45,0.004,0.15,2.03,,,,,,-26.832625,-66.090908
SAN JOSE BANDA,SANTA MARIA,SUBTERRANEA,,POZO,9/18/2025,8.03,20.5,202.3,0.3,201.41,0.004,0.15,2.28,,,,,,-26.817892,-66.090703
LORO HUASI,SANTA MARIA,SUBTERRANEA,,POZO,9/18/2025,7.67,21.5,489.5,0.23,469.95,0.004,0.16,16.71,,,,,,-26.730568,-66.05119
LORO HUASI,SANTA MARIA,SUPERFICIAL,,POZO,9/19/2025,8.18,16.7,340.2,0.74,326.46,0.004,0.17,0.34,,,,,,-26.730568,-66.05119
ENTRE RIOS,SANTA MARIA,SUPERFICIAL,,CIS,9/19/2025,8.27,16.1,211.4,0.71,207.74,0.004,0.2,0.43,,,,,,-26.829166,-66.025623
YAPE,SANTA MARIA,SUPERFICIAL,,CIS,9/19/2025,8.43,15.4,220.8,1.19,216.13,0.004,0.19,0.5,,,,,,-26.851914,-66.066894
EL DESMONTE,SANTA MARIA,SUBTERRANEA,,POZO,9/19/2025,8.05,22.4,199.2,0.8,200.13,0.004,0.18,3.13,,,,,,-26.880438, -66.101126
EL DESMONTE,SANTA MARIA,MEZCLA,,CIS,9/19/2025,8.16,21.2,188.6,0.75,189.25,0.004,0.17,2.36,,,,,,-26.879858,-66.100767
AMPAJANGO,SANTA MARIA,SUPERFICIAL,,CIS,9/19/2025,8.49,17.5,141.1,2.71,141.63,0.004,0.1,0.04,,,,,,-26.9246,-66.079448
AMPAJANGO,SANTA MARIA,SUPERFICIAL,,CIS,9/19/2025,7.9,24.6,175.3,1.1,178.11,0.004,0.21,0.34,,,,,,-26.9246,-66.079448
FAMABALASTO,SANTA MARIA,SUBTERRANEA,,POZO,9/24/2025,7.17,10.2,517.9,0.97,487.1,0.004,0.21,5.56,,,,,,-26.785386,-66.294673
LA HOYADA,SANTA MARIA,SUPERFICIAL,,CIS,9/24/2025,8.32,10.3,107.4,3.24,106.88,0.004,0.19,0.53,,,,,,-26.539143,-66.362264
TORO YACO,SANTA MARIA,SUPERFICIAL,,CIS,9/24/2025,8.38,14.3,190.9,1.94,188.29,0.004,0.16,1.22,,,,,,-26.518585,-66.265559
SAN ANTONIO DEL CAJON,SANTA MARIA,SUPERFICIAL,,CIS,9/24/2025,7.89,14.5,140.7,1.19,140.29,0.004,0.06,4.55,,,,,,-26.397839,-66.253151
OVEJERIA,SANTA MARIA,SUPERFICIAL,,CIS,9/24/2025,7.81,18.8,79.9,14,81.28,0.004,0.16,1.99,,,,,,-26.261465,-66.205698
ANDALHUALA,SANTA MARIA,SUPERFICIAL,,CIS,9/25/2025,8.69,15.9,147.8,4.19,147.52,0.004,0.15,1.56,,,,,,-26.89682,-66.039227
PUNTA DE BALASTO,SANTA MARIA,SUBTERRANEA,,POZO,11/20/2024,8.28,21.7,185.4,0.35,181.44,0.004,0.35,2.61,,,,,,-26.963517,-66.143788
EL DESMONTE,SANTA MARIA,SUPERFICIAL,,ENTRADA A PLANTA,11/20/2024,8.6,18,155.3,0.96,151.68,0.004,0.18,2.16,,,,,,-26.880284,-66.099843
EL DESMONTE,SANTA MARIA,MEZCLA,,CIS,11/20/2024,8.54,20,169.8,0.43,166.59,0.004,0.2,2.72,,,,,,-26.879858,-66.100767
EL DESMONTE,SANTA MARIA,SUBTERRANEA,,POZO,11/20/2024,8.12,18.8,240.7,0.2,197.5,0.004,0.27,5.33,,,,,,-26.880438, -66.101126
SAN JOSE BANDA,SANTA MARIA,SUBTERRANEA,,POZO,11/20/2024,8.1,18.8,234.3,0.22,223.87,0.004,0.26,6.39,,,,,,-26.817892,-66.090703
MEDANITO,SANTA MARIA,SUBTERRANEA,,POZO,11/20/2024,8.05,19.2,265.6,0.32,251.97,0.004,0.23,6.25,,,,,,-26.757536,-66.076552
CHAŃAR PUNCO,SANTA MARIA,SUBTERRANEA,,POZO,11/20/2024,8.29,21.9,203.2,0.35,243.65,0.005,0.24,5.15,,,,,,-26.725067,-66.07174
LAMPACITO,SANTA MARIA,SUBTERRANEA,,POZO,11/20/2024,8.23,23.1,205.4,0.37,200.19,0.005,0.23,5.13,,,,,,-26.709131,-66.066238
EL CERRITO,SANTA MARIA,SUBTERRANEA,,POZO LA CANCHA,11/20/2024,8.18,26.1,378.7,0.27,362.94,0.01,0.5,3.54,,,,,,-26.692646,-66.069888
EL CERRITO,SANTA MARIA,SUBTERRANEA,, POZO EL CAMPING,11/20/2024,7.9,25.9,700.2,0.25,650.24,0.01,0.53,7.44,,,,,,-26.684113,-66.063012
LAS MOJARRAS,SANTA MARIA,SUBTERRANEA,,POZO LOS CANALES,11/20/2024,7.86,25.8,589.2,0.28,552.45,0.01,0.84,7.15,,,,,,-26.678025,-66.058632
LAS MOJARRAS,SANTA MARIA,SUBTERRANEA,,POZO N°1,11/20/2024,8.14,26.9,370.4,0.24,354.11,0.005,0.53,4.57,,,,,,-26.645316,-66.056619
CIUDAD DE SANTA MARIA,SANTA MARIA,SUBTERRANEA,, POZO EL CAMPING,11/20/2024,7.93,24.8,554.9,0.21,519.81,0.004,0.14,18.03,,,,,,-26.694863,-66.048114
CIUDAD DE SANTA MARIA,SANTA MARIA,SUBTERRANEA,, POZO AERÓDROMO,11/20/2024,8.28,24.9,229.3,0.25,222.85,0.004,0.14,5.09,,,,,,-26.646673,-66.041057
CIUDAD DE SANTA MARIA,SANTA MARIA,SUBTERRANEA,, POZO B° LA SOLEDAD,11/20/2024,8,24,355.1,0.34,337.98,0.004,0.12,7.23,,,,,,-26.712127,-66.041736
RECREO,SANTA MARIA,SUBTERRANEA,,POZO VIALIDAD,11/20/2024,7.7,21.2,591.7,0.43,547.46,0.01,0.27,17.61,,,,,,-26.723578,-66.054577
SAN JOSE,SANTA MARIA,SUBTERRANEA,,POZO LA CANCHA,11/20/2024,7.65,20.3,421.8,0.53,393.79,0.004,0.23,9.95,,,,,,-26.80449,-66.062957
ANDALHUALA,SANTA MARIA,SUPERFICIAL,,ENTRADA A PLANTA,11/20/2024,9,27.2,142.9,1.32,141.89,0.004,0.21,2.17,,,,,,-26.897281,-66.03892
ANDALHUALA,SANTA MARIA,SUPERFICIAL,,CIS,11/20/2024,8.08,23.4,141.6,0.39,140.03,0.004,0.24,1.94,,,,,,-26.89682,-66.039227
LORO HUASI,SANTA MARIA,SUBTERRANEA,,POZO,11/20/2024,7.67,18.8,496.9,0.19,461.12,0.004,0.24,18.8,,,,,,-26.730568,-66.05119
YAPE,SANTA MARIA,SUPERFICIAL,,CIS,12/1/2024,7.92,26.5,271.9,0.82,262.34,0.004,0.46,1.9,,,,,,-26.851914,-66.066894
ENTRE RIOS,SANTA MARIA,SUPERFICIAL,,CIS,12/1/2024,8.87,25.6,201.1,0.73,196.74,0.004,0.32,1.32,,,,,,-26.829166,-66.025623
QUEBRADA DE JUJUIL,SANTA MARIA,SUPERFICIAL,,CIS,12/1/2024,8.75,25.6,317,0.91,304.13,0.004,0.24,0.8,,,,,,-26.786174,-66.014168
CASPICHANGO,SANTA MARIA,SUPERFICIAL,,ENTRADA A PLANTA,12/1/2024,6.57,31.7,209.3,0.49,203.97,0.004,0.69,1.33,,,,,,-26.74269,-65.947057
FAMABALASTO,SANTA MARIA,SUPERFICIAL,,POZO,12/1/2024,8.39,25.4,524.1,0.91,494.21,0.004,0.35,5.9,,,,,,-26.785386,-66.294673
LA HOYADA,SANTA MARIA,SUPERFICIAL,,CIS,12/1/2024,9.05,25,96.87,64.2,97.15,0.004,0.27,4.01,,,,,,-26.539143,-66.362264
TORO YACO,SANTA MARIA,SUPERFICIAL,,CIS,12/1/2024,8.14,23.9,208.1,1.85,202.3,0.004,0.27,2.65,,,,,,-26.518585,-66.265559
SAN ANTONIO DEL CAJON,SANTA MARIA,SUPERFICIAL,,CIS,12/1/2024,8.8,23.7,157.1,4.72,159.23,0.004,0.12,5.37,,,,,,-26.397839,-66.253151
OVEJERIA,SANTA MARIA,SUPERFICIAL,,CIS,12/1/2024,8.06,23.2,98.05,0.81,97.34,0.004,0.26,2.23,,,,,,-26.261465,-66.205698
AMPAJANGO,SANTA MARIA,SUPERFICIAL,,CIS,12/1/2024,8.6,21.2,169,6.3,165.44,0.004,0.2,2.87,,,,,,-26.9246,-66.079448
CONDOR HUASI,BELEN,SUPERFICIAL,,CIS,4/3/2025,7.85,12.6,96.82,0.71,98.11,0.004,0.32,1.89,,,,,,-27.491903,-67.104953
LAS BARRANCAS,BELEN,SUPERFICIAL,,CIS,4/3/2025,7.84,16.1,90.36,0.6,92.42,0.004,0.24,2.07,,,,,,-27.51489,-67.122479
LAS JUNTAS,BELEN,SUPERFICIAL,,CIS,4/3/2025,7.9,16,79.04,0.35,81.15,0.004,0.18,2.3,,,,,,-27.531454,-67.127825
POZO DE PIEDRA,BELEN,SUPERFICIAL,,CIS,4/3/2025,7.62,16.6,115.2,0.97,117.12,0.004,0.41,0.95,,,,,,-27.563956,-67.158024
PUERTA DE SAN JOSE,BELEN,SUPERFICIAL,,CIS,4/3/2025,7.38,20.7,305.4,0.65,296.83,0.004,0.31,2.52,,,,,,-27.539911,-67.032133
CIUDAD DE BELEN,BELEN,SUPERFICIAL,,ENTRADA A PLANTA DIQUE,5/9/2025,7.8,21.4,565.3,38.9,557.31,0.01,2.02,2.61,,,,,,-27.615847,-67.016973
CIUDAD DE BELEN,BELEN,SUPERFICIAL,,ENTRADA A PLANTA NUEVA,5/9/2025,7.75,21,574,10.2,565.06,0.01,1.71,2.61,,,,,,-27.617705,-67.019612
CIUDAD DE BELEN,BELEN,SUPERFICIAL,,CIS,5/9/2025,7.75,20.8,587.1,4,577.02,0.01,1.6,2.61,,,,,,-27.617971,-67.020015
AZAMPAY,BELEN,SUPERFICIAL,,CIS,5/27/2025,6.85,9.8,148.2,1.05,145.92,0.01,3,2.38,,,,,,-27.345377,-67.064569
CHISTIN,BELEN,SUPERFICIAL,,CIS,5/27/2025,6.92,11.7,560.3,0.41,522.62,0.004,2.02,1.01,,,,,,-27.36129,-67.077935
EL DURAZNO,BELEN,SUPERFICIAL,,CIS,5/27/2025,7.89,12.9,477.1,0.38,450.05,0.01,1.52,5.44,,,,,,-27.264199,-67.051626
VILLA VIL,BELEN,SUPERFICIAL,,CIS,5/27/2025,7.83,13.1,578.4,1.07,540.42,0.01,0.62,2.07,,,,,,-27.093352,-66.820612
LA AGUADA,BELEN,SUPERFICIAL,,CIS,5/28/2025,7.66,14.7,242.3,0.68,234.43,0.01,1.38,3.04,,,,,,-27.742148,-67.220867
LA AGUADITA,BELEN,SUPERFICIAL,,CIS,5/28/2025,7.35,11.1,319.7,1.57,303.04,0.01,1.44,3.73,,,,,,-27.776729,-67.239105
SAN FERNANDO,BELEN,SUBTERRANEA,,POZO,8/27/2025,7.3,20.8,677.2,0.8,639.74,0.02,0.61,4.29,,,,,,-27.336002,-66.901367
LA CIENAGA,BELEN,SUBTERRANEA,,POZO CMS,8/27/2025,7.95,24,275.2,1.11,272.45,0.01,0.31,7.69,,,,,,-27.421154,-66.972225
CIENAGA DE ARRIBA,BELEN,MEZCLA,,CIS,8/27/2025,7.92,21.6,321.7,3.01,314.24,0.01,0.64,8.22,,,,,,-27.48469,-66.980527
SAN FERNANDO,BELEN,SUPERFICIAL,,POZO,9/3/2025,6.8,19,725.7,1.44,679.68,0.02,0.76,4.7,,,,,,-27.336002,-66.901367
CIENAGA DE ARRIBA,BELEN,SUBTERRANEA,,CIS,4/7/2026,7.42,22.5,333.4,0.39,324.67,0.01,0.71,6.22,,,,,,-27.48469,-66.980527
CIUDAD DE BELEN,BELEN,SUBTERRANEA,,POZO PEŃA FIERA,10/17/2024,7.39,20.5,635.8,0.21,594.56,0.02,1.47,2.89,,,,,,-27.606133,-67.013749
CIUDAD DE BELEN,BELEN,SUBTERRANEA,,POZO N° 2 LA BANDA,12/20/2024,7.43,20.1,587.2,0.8,548.54,0.05,1.51,1.43,,,,,,-27.6337,-67.01831
CIUDAD DE BELEN,BELEN,SUBTERRANEA,,POZO N°2 DIQUE,12/20/2024,7.2,22.3,605.3,0.61,565.95,0.02,1.67,0.72,,,,,,-27.615113,-67.016681
CIUDAD DE BELEN,BELEN,SUBTERRANEA,,POZO PEŃA FIERA,12/20/2024,7.3,23.5,636.7,0.96,596.61,0.02,0.71,0.62,,,,,,-27.606133,-67.013749
PUERTA DE RAMBLONES,LA PAZ,SUPERFICIAL,,CIS,4/24/2025,7.59,21.6,448.1,0.32,431.87,0.01,1.01,3.25,,,,,,-29.154423,-65.445946
RAMBLONES,LA PAZ,SUBTERRANEA,,POZO,4/24/2025,7.33,22.6,754.1,0.61,712.32,0.03,1.77,10.45,,,,,,-29.161645,-65.409828
EL AYBAL,LA PAZ,SUBTERRANEA,,POZO,4/24/2025,6.97,24,829.1,1.19,783.36,0.07,1.98,25.19,,,,,,-29.109608,-65.360993
LA QUINTA,LA PAZ,MEZCLA,,CIS,4/24/2025,8.16,22.7,281.2,6.89,276.61,0.01,0.73,17.59,,,,,,-29.040638,-65.353164
RIO CHICO,LA PAZ,SUBTERRANEA,,POZO,4/24/2025,7.08,23.5,649.5,1.01,619.58,0.05,2.43,7.65,,,,,,-28.944626,-65.348399
EL BAŃADO,LA PAZ,SUBTERRANEA,,CIS,4/24/2025,7.13,23.7,645.4,1.4,615.42,0.05,2,7.23,,,,,,-29.194828,-65.437032
LAS PEŃAS,LA PAZ,SUBTERRANEA,,POZO N° 1,4/24/2025,7.62,25.8,2268,1.15,2021.12,0.05,2.45,38.17,,,,,,-29.4815,-65.523971
LAS PEŃAS,LA PAZ,SUBTERRANEA,,POZO LA QUEBRADA,4/24/2025,7.64,28,1522,0.95,1389.44,0.05,3.37,26.99,,,,,,-29.47656,-65.519768
LAS PEŃAS,LA PAZ,SUBTERRANEA,,POZO LA LOMA,4/24/2025,7.14,26.9,1549,0.31,1411.84,0.03,2.8,25.8,,,,,,-29.478557,-65.518666
QUIROS,LA PAZ,SUBTERRANEA,,POZO,5/8/2025,7.8,24.4,433.7,0.3,416.06,0.01,0.85,6.84,,,,,,-28.785857,-65.110915
LAS ESQUINAS,LA PAZ,SUBTERRANEA,,POZO,5/8/2025,7.78,22.9,324.3,0.7,312.96,0.01,0.81,6.96,,,,,,-28.739599,-65.10573
RECREO,LA PAZ,SUBTERRANEA,,CIS,6/17/2025,7.78,23.6,716.9,0.76,663.04,0.02,0.78,33.44,,,,,,-29.27611,-65.051796
LA QUINTA,LA PAZ,MEZCLA,,CIS,6/17/2025,8.28,15.4,372.1,5.19,347.07,0.01,0.47,14.93,,,,,,-29.040638,-65.353164
EL TALA,LA PAZ,SUBTERRANEA,,POZO,8/8/2025,8.9,15.6,1735,0.76,1492.48,0.3,1.29,9.15,,,,,,-28.83808,-64.998392
LA DORADA,LA PAZ,MEZCLA,,CIS,8/8/2025,8.84,15.7,472.3,0.95,433.54,0.01,0.59,4.07,,,,,,-29.247776,-65.489294
LA DORADA,LA PAZ,SUBTERRANEA,,POZO N°1,8/8/2025,8.85,14.5,470.6,0.61,431.87,0.02,0.59,4.25,,,,,,-29.247671,-65.488951
RIO LA DORADA,LA PAZ,SUBTERRANEA,,POZO,8/8/2025,8.09,22.6,919.4,0.66,1154.56,0.05,1.47,24.3,,,,,,-29.288579,-65.487177
EL CERCADO,LA PAZ,SUBTERRANEA,,POZO,8/8/2025,7.86,22.2,1724,1.01,1488,0.1,1.96,52.3,,,,,,-29.316105,-65.490537
EL JUMEAL,LA PAZ,SUBTERRANEA,,POZO,8/8/2025,7.88,22.1,1639,0.46,1427.2,0.07,1.7,25.08,,,,,,-29.415407,-65.505404
LAS PEŃAS,LA PAZ,SUBTERRANEA,,POZO LA QUEBRADA,8/8/2025,7.9,27.6,2089,0.88,1790.72,0.07,1.26,41.9,,,,,,-29.47656,-65.519768
LA GUARDIA,LA PAZ,SUBTERRANEA,,POZO LA VIA,8/8/2025,7.79,24.1,2533,0.65,2145.92,0.04,0.37,43.7,,,,,,-29.554359,-65.453669
LA CABALLA,LA PAZ,SUBTERRANEA,,POZO,9/4/2025,7.68,17.6,936.3,0.3,869.12,0.05,1.08,77.2,,,,,,-28.996806,-65.350768
EL TALA,LA PAZ,SUBTERRANEA,,POZO,10/8/2025,8.39,20.6,1732,1.48,1489.2,0.02,0.42,13.13,,,,,,-28.83808,-64.998392
QUIROS,LA PAZ,SUBTERRANEA,,POZO,10/8/2025,8.01,24.9,459,1.43,443.46,0.01,0.46,18.58,,,,,,-28.785857,-65.110915
LA QUINTA,LA PAZ,MEZCLA,,CIS,10/8/2025,8.47,21,363.9,4.25,353.41,0.01,0.46,25.89,,,,,,-29.040638,-65.353164
LAS PEŃAS,LA PAZ,SUBTERRANEA,,POZO LA LOMA,8/28/2024,7.46,22.6,2647,0.38,2286.72,0.15,3.35,35.44,,,,,,-29.478557,-65.518666
EL JUMEAL,LA PAZ,SUPERFICIAL,,POZO,8/28/2024,7.42,20,1651,1.09,1465.6,0.05,3.01,25.43,,,,,,-29.415407,-65.505404
RIO LA PUERTA,LA PAZ,SUPERFICIAL,,CIS,8/28/2024,7.59,16.8,1030,1.28,938.88,0.03,2.28,14.81,,,,,,-29.337062,-65.49881
RIO LA DORADA,LA PAZ,SUBTERRANEA,,POZO,8/28/2024,8.4,19.9,816.6,0.37,754.56,0.05,2.38,11.2,,,,,,-29.288579,-65.487177
LA DORADA,LA PAZ,SUBTERRANEA,,POZO N°1,8/28/2024,7.85,23.4,462.1,1.2,441.54,0.01,1.35,10.7,,,,,,-29.247671,-65.488951
EL DIVISADERO,LA PAZ,SUBTERRANEA,,POZO,8/28/2024,7.61,24.6,561.4,0.63,533.89,0.04,1.5,14.13,,,,,,-29.203986,-65.45182
LA DORADA,LA PAZ,SUBTERRANEA,,POZO EL BARRIALITO,8/28/2024,7.26,24.5,612.9,0.35,579.71,0.01,1.53,8.09,,,,,,-29.235765,-65.489261
EL BAŃADO,LA PAZ,MEZCLA,,CIS,8/28/2024,7.28,22.7,672,0.39,630.4,0.05,1.99,22.98,,,,,,-29.194828,-65.437032
EL MORENO,LA PAZ,SUBTERRANEA,,POZO,8/28/2024,7.17,24.5,2018,0.53,1771.52,0.15,2.17,21.23,,,,,,-29.255109,-65.399892
PUERTA DE RAMBLONES,LA PAZ,SUPERFICIAL,,CIS,8/29/2024,8.2,15.4,434.7,0.31,408.38,0.01,0.89,2.38,,,,,,-29.154423,-65.445946
RAMBLONES,LA PAZ,SUBTERRANEA,,POZO,8/29/2024,7.84,15.5,755.2,0.25,697.6,0.03,1.39,11.32,,,,,,-29.161645,-65.409828
NAVAGUIN,LA PAZ,SUBTERRANEA,,POZO,8/29/2024,7.36,21.7,516.1,0.25,487.87,0.02,1.46,6.19,,,,,,-29.088408,-65.438155
EL AYBAL,LA PAZ,SUBTERRANEA,,POZO,8/29/2024,7.35,21.1,740.8,0.39,688,0.06,1.43,23.57,,,,,,-29.109608,-65.360993
LA QUINTA,LA PAZ,SUBTERRANEA,,POZO,8/29/2024,7.71,18,435,11.7,410.24,0.01,0.74,22.41,,,,,,-29.039967,-65.355347
LA QUINTA,LA PAZ,SUBTERRANEA,,POZO,8/29/2024,7.66,24.1,1469,4.03,1322.24,0.05,1.89,66.9,,,,,,-29.039967,-65.355347
LA CABALLA,LA PAZ,SUBTERRANEA,,POZO,8/29/2024,7.62,23.7,949.3,0.31,880.64,0.06,1.79,74.8,,,,,,-28.996806,-65.350768
RIO CHICO,LA PAZ,SUBTERRANEA,,POZO,8/29/2024,7.4,22.9,303.5,1.02,293.82,0.01,0.61,5.43,,,,,,-28.944626,-65.348399
ICAŃO,LA PAZ,MEZCLA,,CIS,8/29/2024,7.64,19.3,243.3,0.55,236.03,0.01,0.54,4.64,,,,,,-28.918506,-65.33047
ICAŃO,LA PAZ,SUBTERRANEA,,POZO,8/29/2024,7.55,24,328,0.25,318.21,0.02,0.74,4.54,,,,,,-28.918374, -65.330509
LAS TOSCAS,LA PAZ,SUBTERRANEA,,POZO,8/29/2024,7.84,25,291,0.96,282.5,0.01,0.8,2.89,,,,,,-28.908309,-65.281985
PUESTO DE VERA,LA PAZ,SUBTERRANEA,,POZO,8/29/2024,7.49,23.8,497.6,0.61,400.38,0.01,0.97,3.6,,,,,,28.894761,-65.297884
PUESTO DE SICHA,LA PAZ,SUBTERRANEA,,POZO,8/29/2024,7.43,23.9,343.3,0.2,332.54,0.03,0.57,19.3,,,,,,-28.864433,-65.327753
ANJULI,LA PAZ,SUBTERRANEA,,POZO,8/29/2024,7.22,19.5,475.8,0.24,449.54,0.03,1.22,8.29,,,,,,-28.674103,-65.278978
LA GUARDIA,LA PAZ,SUBTERRANEA,,POZO N° 2,8/8/2025,7.22,22.1,2538,0.59,2112,0.04,0.71,44.5,,,,,,-29.554062,-65.457435
LA GUARDIA,LA PAZ,SUBTERRANEA,,POZO N° 2,8/28/2024,7.68,21.7,2574,0.91,2135.68,0.01,0.7,44.58,,,,,,-29.554062,-65.457435
LA GUARDIA,LA PAZ,SUBTERRANEA,,POZO LA VIA,8/28/2024,7.16,22.2,2564,1.19,2131.84,0.05,0.73,44.91,,,,,,-29.554359,-65.453669
LA HORQUETA,LA PAZ,SUBTERRANEA,,POZO,8/28/2024,7.41,20.4,3470,0.82,2803.84,0.05,1.47,21.46,,,,,,-29.505705,-65.384
ESQUIÚ,LA PAZ,SUBTERRANEA,,POZO N°2,8/28/2024,7.51,24.3,1714,0.4,1465.6,0.05,0.79,23.32,,,,,,-29.381955,-65.292485
ESQUIÚ,LA PAZ,SUBTERRANEA,,POZO N° 3,8/28/2024,7.73,16,1328,0.28,1144.96,0.05,0.74,18.09,,,,,,-29.377686,-65.296451
SAN ANTONIO,LA PAZ,SUBTERRANEA,,POZO N°2,8/28/2024,7.94,24.4,566.9,0.63,516.1,0.01,0.63,15.01,,,,,,-28.932568,-65.098453
SAN ANTONIO,LA PAZ,SUBTERRANEA,,POZO N° 4,8/28/2024,7.71,24.3,500.1,0.5,459.33,0.02,0.78,15.44,,,,,,-28.930237,-65.098903
SAN ANTONIO,LA PAZ,SUBTERRANEA,,POZO N° 3,8/29/2024,7.61,24.2,760.5,0.38,692.48,0.03,0.63,14.28,,,,,,-28.932465,-65.102007
EL TALA,LA PAZ,SUBTERRANEA,,POZO,8/29/2024,8.21,23.9,1727,0.9,1473.92,0.25,4.27,12.48,,,,,,-28.83808,-64.998392
QUIROS,LA PAZ,SUBTERRANEA,,POZO B° LAS LIEBRES,8/29/2024,7.53,23.4,525.4,0.44,479.3,0.01,0.69,19.3,,,,,,-28.787177,-65.098995
QUIROS,LA PAZ,SUBTERRANEA,,POZO,8/29/2024,7.68,22.1,333.4,0.45,308.22,0.01,0.68,13.87,,,,,,-28.785857,-65.110915
LAS ESQUINAS,LA PAZ,SUBTERRANEA,,POZO,8/29/2024,7.74,18.8,315.4,0.43,289.09,0.03,0.63,8.39,,,,,,-28.739599,-65.10573
EL BARRIALITO,LA PAZ,SUBTERRANEA,,POZO,8/29/2024,7.49,21.8,429.3,0.53,392.7,0.02,0.74,23.62,,,,,,-28.67506,-65.046334
VILLA DE POMAN,POMAN,SUBTERRANEA,,POZO N°2,4/11/2025,8.2,15.6,200.1,1.88,194.24,0.004,0.09,0.88,,,,,,-28.403334,-66.202879
VILLA DE POMAN,POMAN,SUBTERRANEA,,CIS,4/11/2025,8.18,17.1,218.1,1.13,211.01,0.004,0.09,0.55,,,,,,28.396109,-66.213593
SIJAN,POMAN,SUPERFICIAL,,CIS,4/11/2025,8.48,13.2,67.75,0.42,67.33,0.004,0.45,1.55,,,,,,-28.264174,-66.198031
SAUJIL,POMAN,SUBTERRANEA,,CIS,4/11/2025,8.23,14.8,100.7,1.02,100.61,0.004,0.11,1.47,,,,,,-28.178793,-66.19881
SAUJIL,POMAN,SUPERFICIAL,,POZO EL MATADERO,4/11/2025,7.49,22.3,437.5,1.17,416.06,0.004,0.28,25.06,,,,,,-28.166029,-66.219881
SAN MIGUEL,POMAN,SUPERFICIAL,,CIS,4/11/2025,8.55,25.3,134.9,0.66,133.06,0.004,0.18,0.72,,,,,,-28.143422,-66.190556
COLPES,POMAN,SUPERFICIAL,,CIS,4/11/2025,8.58,8.58,54.75,0.39,55.47,0.004,0.23,2.6,,,,,,-28.059194,-66.188979
SAN JOSE DE LAS FLORES,POMAN,SUPERFICIAL,,CIS,5/23/2025,8.49,12.8,86.75,1.26,86.02,0.004,4.96,2.76,,,,,,-28.042662, -66.132487
JOYANGO,POMAN,SUPERFICIAL,,CIS,5/23/2025,8.33,12.2,129.8,0.2,127.74,0.004,1.33,2.07,,,,,,-28.095288,-66.116854
LAS CASITAS,POMAN,SUPERFICIAL,,CIS,5/23/2025,8.01,10.4,124.5,0.72,122.3,0.004,1.2,1.7,,,,,,-28.145471,-66.145776
RINCON,POMAN,SUPERFICIAL,,CIS,5/23/2025,8.46,12.9,115.2,0.78,114.37,0.004,5.03,2,,,,,,-28.227439,-66.127915
APOYACO,POMAN,SUPERFICIAL,,CIS,5/23/2025,8.36,13.3,227.3,0.48,218.37,0.004,2.57,2.02,,,,,,-28.307186,-66.13169
MUTQUIN,POMAN,SUPERFICIAL,,CIS,5/23/2025,8.82,12.2,92.85,0.2,92.74,0.004,0.3,1.8,,,,,,-28.329114,-66.132707
ROSARIO DE COLANA,POMAN,SUPERFICIAL,,CIS,5/23/2025,8.55,13.8,107.2,1.26,106.94,0.004,0.31,0.54,,,,,,-28.366712,-66.152487
RETIRO DE COLANA,POMAN,SUPERFICIAL,,CIS,5/23/2025,8.65,12.5,112.7,1.14,121.54,0.004,0.67,0.59,,,,,,-28.366472, -66.139142
VILLA DE POMAN,POMAN,MEZCLA,,CIS,5/23/2025,8.13,15.9,229.7,1.04,221.63,0.004,0.69,0.73,,,,,,28.396109,-66.213593
VILLA DE POMAN,POMAN,SUBTERRANEA,,CIS,5/23/2025,7.48,17.8,254.1,0.39,244.48,0.004,0.68,0.72,,,,,,28.396109,-66.213593
VILLA DE POMAN,POMAN,SUBTERRANEA,,POZO N° 1  ,5/23/2025,7.59,17.8,260.4,0.24,250.11,0.004,0.68,0.47,,,,,,-28.406382,-66.201752
SAN JOSE DE LAS FLORES,POMAN,SUPERFICIAL,,ENTRADA A PLANTA,11/26/2024,8.49,21.3,87.19,1.51,87.3,0.004,2.59,1.3,,,,,,-28.042547,-66.131995
COLPES,POMAN,SUPERFICIAL,,ENTRADA PLANTA ,11/26/2024,8.3,23.5,55.19,3.3,55.4,0.004,0.88,1.4,,,,,,-28.059363,-66.188432
COLPES,POMAN,SUPERFICIAL,,CIS,11/26/2024,8.06,24.3,55.25,2.93,55.44,0.004,0.86,1.2,,,,,,-28.059194,-66.188979
JOYANGO,POMAN,SUPERFICIAL,,ENTRADA A PLANTA,11/26/2024,8.22,21.6,92.5,3.86,92.54,0.004,0.89,0.89,,,,,,-28.095352,-66.116723
LAS CASITAS,POMAN,SUPERFICIAL,,ENTRADA A PLANTA,11/26/2024,8.51,26.3,127.9,0.53,127.3,0.004,0.89,1.23,,,,,,-28.145448, -66.145685
SAN MIGUEL,POMAN,SUPERFICIAL,,ENTRADA A PLANTA,11/26/2024,8.87,27.6,127.8,0.88,127.23,0.004,0.98,1.7,,,,,,-28.143422,-66.190556
EL POTRERO,POMAN,SUPERFICIAL,,ENTRADA A PLANTA,11/26/2024,8.82,25.2,115.8,0.94,115.39,0.004,0.54,2.8,,,,,,-28.183808,-66.143357
SAUJIL,POMAN,SUBTERRANEA,,POZO EL MATADERO,11/26/2024,7.82,25.4,441.3,0.21,417.28,0.004,1.16,2.35,,,,,,-28.166029,-66.219881
RINCON,POMAN,SUPERFICIAL,,ENTRADA A PLANTA,11/26/2024,8.42,22.3,129.6,0.89,127.87,0.004,3.09,2.4,,,,,,-28.227493,-66.127797
APOYACO,POMAN,SUPERFICIAL,,ENTRADA A PLANTA,11/26/2024,8.84,21,232.7,1,222.53,0.004,1.74,4.2,,,,,,-28.307242, -66.131749
MUTQUIN,POMAN,SUPERFICIAL,,ENTRADA A PLANTA,11/26/2024,8.79,20.3,100.3,0.69,99.97,0.004,0.26,3.4,,,,,,-28.329251,-66.132584
RETIRO DE COLANA,POMAN,SUPERFICIAL,,ENTRADA A PLANTA,11/26/2024,8.54,20.6,118.2,0.25,116.93,0.004,0.23,7.5,,,,,,-28.366534,-66.139164
ROSARIO DE COLANA,POMAN,SUPERFICIAL,,ENTRADA A PLANTA,11/26/2024,8.61,19.7,118.7,0.38,117.12,0.004,0.23,4.2,,,,,,-28.366645,-66.152451
VILLA DE POMAN,POMAN,SUBTERRANEA,,ENTRADA A PLANTA,11/26/2024,8.21,21.8,214.7,1.09,207.23,0.004,0.49,2.5,,,,,,-28.401036,-66.205334
SIJAN,POMAN,SUPERFICIAL,,ENTRADA A PLANTA,11/26/2024,8.72,25.6,78.73,2.13,79.36,0.004,1.99,1.4,,,,,,-28.26427,-66.198013
MIRAFLORES,CAPAYAN,SUBTERRANEA,,POZO,3/26/2025,6.93,20,471.5,0.47,441.6,0.004,0.24,17.8,,,,,,-28.599129,-65.901671
TRAMPASACHA,CAPAYAN,SUPERFICIAL,,CIS,5/29/2025,6.9,8.4,298.6,0.41,281.28,0.004,0.38,2.21,,,,,,-28.833026, -66.305484
CHUMBICHA,CAPAYAN,SUBTERRANEA,,POZO N°2,5/29/2025,7.41,14.8,796.6,4.24,730.88,0.01,0.88,26.66,,,,,,-28.854864,-66.231124
LOS ANGELES,CAPAYAN,SUPERFICIAL,,CIS,6/9/2025,8.27,8,82.12,0.41,91.39,0.004,0.28,0.11,,,,,,-28.445939,-65.950845
HUILLAPIMA,CAPAYAN,SUPERFICIAL,,CIS,6/9/2025,8.03,14.5,177.2,0.3,171.52,0.004,0.09,0.3,,,,,,-28.715946,-65.993981
SAN PABLO,CAPAYAN,SUPERFICIAL,,CIS,6/9/2025,8.35,13.2,189.3,0.88,181.89,0.004,0.35,0.85,,,,,,-28.695933,-66.040107
CONCEPCION,CAPAYAN,SUPERFICIAL,,CIS,6/9/2025,8.02,15.9,316.8,0.22,296.26,0.01,0.47,3.16,,,,,,-28.681595,-66.069717
SAN PEDRO,CAPAYAN,SUPERFICIAL,,CIS,6/9/2025,8.48,12.7,323.7,0.95,300.67,0.01,0.61,0.81,,,,,,-28.731781,-66.138136
HUILLAPIMA,CAPAYAN,SUBTERRANEA,,POZO N°1,6/9/2025,7.75,20.3,500.8,0.27,466.56,0.004,0.13,21.23,,,,,,-28.73412,-65.974941
HUILLAPIMA,CAPAYAN,SUBTERRANEA,,POZO LA DORA,6/9/2025,7.86,23.1,354.6,0.18,338.18,0.01,0.12,19.04,,,,,,-28.719519,-65.948422
MIRAFLORES,CAPAYAN,SUBTERRANEA,,POZO,6/9/2025,7.05,20.1,371.2,0.38,349.25,0.004,0.24,9.44,,,,,,-28.599129,-65.901671
MIRAFLORES,CAPAYAN,SUPERFICIAL,,CIS,6/9/2025,7.8,15.2,193.5,3.25,186.3,0.004,0.34,0.76,,,,,,-28.582933,-65.906087
NUEVA CONETA,CAPAYAN,SUBTERRANEA,,POZO N° 3,9/5/2025,7.54,24.8,314.5,0.24,310.72,0.01,0.23,4,,,,,,-28.567763,-65.854262
NUEVA CONETA,CAPAYAN,SUBTERRANEA,,POZO N° 4,9/5/2025,7.76,23.7,207.7,0.3,208.96,0.006,0.15,3.38,,,,,,-28.564631,-65.849579
SAN MARTIN,CAPAYAN,SUBTERRANEA,,POZO MUNICIPAL,9/29/2025,7.84,26.6,889.8,0.59,842.24,0.07,0.99,8.5,,,,,,-29.217246,-65.777045
PUESTO NUEVO,CAPAYAN,SUBTERRANEA,,POZO,10/10/2025,7.8,17.8,2549,0.7,2188.8,0.05,2.47,15.34,,,,,,-29.403748,-65.574299
SAN MARTIN,CAPAYAN,SUBTERRANEA,,POZO OSCA,8/30/2027,7.46,23.8,924.8,0.47,844.16,0.06,1.47,8.84,,,,,,-29.221666,-65.776756
LAS ANIMAS,CAPAYAN,SUBTERRANEA,,POZO,9/2/2024,7.24,27,1826,0.69,1639.04,0.01,0.24,40.05,,,,,,-29.076584,-65.764246
PUESTO NUEVO,CAPAYAN,SUBTERRANEA,,POZO,9/2/2024,7.85,27.6,2338,0.6,2078.72,0.06,3.51,20.34,,,,,,-29.403748,-65.574299
PUESTO NUEVO,CAPAYAN,SUBTERRANEA,,VERT DON DIEGO,9/2/2024,7.7,23.6,591.5,1.43,565.89,0.01,0.72,12.74,,,,,,-29.300362,-65.618078
NUEVA CONETA,CAPAYAN,SUBTERRANEA,,POZO ESC. AGROTECNICA,27/09/2024,7.13,26.8,1603,0.87,1426.56,0.01,0.14,260.2,,,,,,-28.547823,-65.829785
SAN MARTIN,CAPAYAN,SUBTERRANEA,,POZO MUNICIPAL,11/8/2024,7.15,26.6,942.4,0.3,871.68,0.07,1.42,10,,,,,,-29.217246,-65.777045
SAN MARTIN,CAPAYAN,SUBTERRANEA,,POZO MUNICIPAL,11/29/2024,7.61,26.2,938.1,0.89,869.12,0.1,1.63,10.47,,,,,,-29.217246,-65.777045
SAN MARTIN,CAPAYAN,SUBTERRANEA,,POZO OSCA,11/29/2024,7.85,26.3,926.2,0.33,861.44,0.1,1.73,9.84,,,,,,-29.221666,-65.776756
CARRANZA,CAPAYAN,SUBTERRANEA,,POZO,12/20/2024,8.95,30.5,311.3,0.59,301.06,0.05,1.02,12.04,,,,,,-29.025406,-66.002606
ANQUINCILA,ANCASTI,SUBTERRANEA,,POZO N° 1 VIALIDAD,1/2/2025,7.1,22.4,469.1,1.87,441.66,0.01,0.47,1.6,,,,,,-28.747547,-65.55202
ANQUINCILA,ANCASTI,SUBTERRANEA,,POZO N° 2 VIALIDAD,1/2/2025,7,22.5,476.1,12.6,448.32,0.01,0.55,1.61,,,,,,-28.747547,-65.55202
IPIZCA,ANCASTI,SUPERFICIAL,,DIQUE IPIZCA ,5/6/2025,8.54,19.3,164.7,4.48,163.65,0.01,0.36,4.77,9.5,96.5,103.5,8630,,-28.819065,-65.541275
ANQUINCILA,ANCASTI,SUPERFICIAL,,CIS,6/11/2025,8.15,12.5,190.9,1.74,183.04,0.003,0.3,1.39,,,,,,-28.746228,-65.554597
SAN JOSE,ANCASTI,SUPERFICIAL,,POZO,6/11/2025,8.51,15.9,453.3,1.09,419.9,0.01,0.4,16.19,,,,,,-28.685199,-65.475262
CAŃADA DE PAEZ,ANCASTI,SUPERFICIAL,,CIS,6/11/2025,7.97,16.5,512.3,0.8,473.98,0.003,0.51,0.69,,,,,,-28.700028,-65.499457
RINCON DE IPIZCA,ANCASTI,SUPERFICIAL,,CIS,8/11/2025,7.8,8.5,161.5,0.24,153.98,0.003,0.17,2.8,,,,,,-28.852201,-65.569255
CAŃADA DE IPIZCA,ANCASTI,SUBTERRANEA,,CIS,8/11/2025,7.54,18.3,405.5,0.4,361.22,0.003,0.52,6.39,,,,,,-28.807624,-65.537076
VILLA DE  ANCASTI,ANCASTI,SUPERFICIAL,,CIS EL ALTO,8/11/2025,8.29,13.7,194.8,0.48,185.28,0.003,0.26,5.85,,,,,,-28.818404,-65.497408
VILLA DE  ANCASTI,ANCASTI,SUBTERRANEA,,POZO,8/11/2025,7.92,13.7,198.8,0.72,188.61,0.003,0.28,5.38,,,,,,-28.806498,-65.503086
POTRERO DE LOS CORDOBAS,ANCASTI,SUBTERRANEA,,POZO,8/11/2025,7.2,17.6,431.1,0.48,396.93,0.003,0.5,10.8,,,,,,-28.893141,-65.470691
EL COMEDERO,ANCASTI,SUBTERRANEA,,POZO,9/9/2025,7.32,16.3,224.5,0.49,219.9,0.003,0.2,0.16,,,,,,-28.93079,-65.577914
LA MAJADA,ANCASTI,SUBTERRANEA,,POZO N°1,9/9/2025,7.44,19.9,269.7,0.54,263.36,0.003,0.19,5.47,,,,,,-29.027238,-65.54906
YERBA BUENA,ANCASTI,SUBTERRANEA,,POZO N°2,9/9/2025,7.8,19.8,234.9,3.9,231.1,0.01,0.26,1.28,,,,,,-29.00564,-65.461287
EL TALAR,ANCASTI,SUBTERRANEA,,POZO,9/9/2025,7.63,22.5,507.4,0.24,488.32,0.01,0.69,19.73,,,,,,-28.980895,-65.417332
SAN FRANCISCO,ANCASTI,SUBTERRANEA,,POZO,9/9/2025,7.45,21,390.1,3.72,377.34,0.02,0.53,17.21,,,,,,-28.966726,-65.42205
CAŃADA DE IPIZCA,ANCASTI,SUPERFICIAL,,CIS,10/1/2025,7.66,18.4,427.2,0.66,409.09,0.01,0.59,3.52,,,,,,-28.807624,-65.537076
HUMAYA,AMBATO,SUPERFICIAL,,CIS,8/5/2025,8.47,7.3,84.64,0.9,81.34,0.004,0.16,1.95,,,,,,-27.88145,-65.985806
LAS PIEDRAS BLANCAS,AMBATO,SUPERFICIAL,,CIS LOS TIMONES,8/5/2025,8.25,11.1,68.79,10.4,66.82,0.004,0.34,1.99,,,,,,-28.034805,-65.942104
LAS JUNTAS,AMBATO,SUPERFICIAL,,CIS PTA N° 2,8/5/2025,8.19,9.2,45.4,0.94,43.95,0.004,0.17,0.97,,,,,,-28.090842,-65.904842
LAS JUNTAS,AMBATO,SUPERFICIAL,,CIS PTA N° 1,8/5/2025,8.18,9.8,83.32,1.02,80.7,0.004,0.3,2.75,,,,,,-28.133448,-65.900702
EL RODEO,AMBATO,SUPERFICIAL,,CIS PTA N° 1,8/5/2025,7.91,10,65.73,0.99,63.6,0.004,0.21,1.56,,,,,,-28.215371,-65.883613
EL RODEO,AMBATO,SUPERFICIAL,,CIS PTA N° 2,8/5/2025,7.9,12.8,118.5,1.86,114.5,0.004,0.2,12.76,,,,,,-28.225497,-65.880639
EL RODEO,AMBATO,SUBTERRANEA,,POZO CAMINO A LA FE,8/5/2025,7.4,17.9,380.6,1.63,352.7,0.003,0.43,3.23,,,,,,-28.2481,-65.874429
COLPES,AMBATO,SUPERFICIAL,,ENTRADA A PLANTA,9/23/2025,8.28,24.1,492.6,1.09,465.41,0.003,0.54,3.5,,,,,,-28.039153,-65.822581
SINGUIL,AMBATO,SUBTERRANEA,,POZO,10/9/2025,8.62,17.8,179,1.82,178.11,0.004,0.28,12,,,,,,-27.813744,-65.868046
LOS BULACIOS,AMBATO,SUPERFICIAL,,SALIDA DE FILTRO,11/22/2024,8.65,25.2,154.7,0.51,155.71,0.004,1.81,0.67,,,,,,-27.898318,-65.824251
COLONIA DE ACHALCO,EL ALTO,SUPERFICIAL,,CIS ,7/31/2025,7.97,17.4,662.8,0.27,605.95,0.01,0.41,3.27,,,,,,-28.435608,-65.118298
ACHALCO,EL ALTO,SUPERFICIAL,,POZO,7/31/2025,8.17,20.2,135.4,0.71,133.44,0.004,0.33,3.72,,,,,,-28.376177,-65.165721
AYAPASO,EL ALTO,SUBTERRANEA,,POZO,7/31/2025,8.21,18.6,669.6,0.38,604.16,0.004,0.94,44.46,,,,,,-28.336195,-65.208453
CALDERA DEL SAUCE,EL ALTO,SUBTERRANEA,,POZO,7/31/2025,8.27,15.3,433.9,0.8,401.66,0.004,0.33,5.53,,,,,,-28.289066,-65.301517
LA HUERTA,EL ALTO,SUBTERRANEA,,POZO,7/31/2025,8.3,16.8,721.5,0.36,657.28,0.01,0.69,24.59,,,,,,-28.249777,-65.27988
EL ALTO,EL ALTO,SUPERFICIAL,,CIS,7/31/2025,8.41,14.7,231.8,0.7,220.1,0.01,0.79,2.17,,,,,,-28.318708,-65.376753
GUAYAMBA,EL ALTO,SUPERFICIAL,,CIS,7/31/2025,8.38,8.38,168.5,2.77,163.65,0.004,0.5,3.65,,,,,,-28.347942, -65.410041
TINTIGASTA,EL ALTO,SUBTERRANEA,,POZO,7/31/2025,8.3,8.3,765.7,0.9,75.84,0.01,1.2,3.47,,,,,,-28.39024,-65.455723
GUAYAMBA,EL ALTO,SUPERFICIAL,,ENTRADA A PLANTA,8/29/2025,7.62,14,253.8,0.47,162.43,0.004,0.57,3.23,,,,,,-28.348057,-65.410134
TAPSO,EL ALTO,SUBTERRANEA,,CIS,4/7/2026,7.11,20.8,628.6,0.23,592,0.01,0.43,2.69,,,,,,-28.417406,-65.119447
COLONIA DE ACHALCO,EL ALTO,SUBTERRANEA,,CIS,4/7/2026,7.72,20.1,621.2,0.67,584.13,0.01,0.45,3.1,,,,,,-28.435608,-65.118298
LOS MORTEROS,EL ALTO,SUBTERRANEA,,POZO N° 1,4/7/2026,7.73,22.2,511.6,0.31,488.13,0.01,0.38,5.44,,,,,,-28.432843,-65.161045
LA QUINTA,PACLIN,SUPERFICIAL,,DIQUE SUMAMPA ,8/29/2025,8.63,15,200.1,8.57,196.93,0.004,0.15,7.37,8.12,92.6,96.6,9350,,-29.036454,-65.360751
VILLA DE ANTOFAGASTA,ANTOFAGASTA,SUPERFICIAL,,TOMA RIO LAS PITAS,3/8/2025,8.12,9.4,167.9,10.2,166.98,0.01,0.4,8.87,,,,,,-26.036694,-67.362639
VILLA DE ANTOFAGASTA,ANTOFAGASTA,SUPERFICIAL,,LAGUNA COLORADA PLANTA 1 CAMARA 1,3/8/2025,8.54,15.5,255.7,1.13,249.41,0.03,0.48,2.74,,,,,,-26.028871, -67.440123
VILLA DE ANTOFAGASTA,ANTOFAGASTA,SUPERFICIAL,,LAGUNA COLORADA PLANTA 2 CAMARA 1,3/8/2025,8.27,16.1,264.5,0.71,257.73,0.03,0.42,2.75,,,,,,-26.029679,-67.439531
VILLA DE ANTOFAGASTA,ANTOFAGASTA,SUPERFICIAL,,LAGUNA COLORADA PLANTA 1 CAMARA 1,3/20/2025,7.36,12.7,258.1,0.33,251.26,0.04,0.5,2.8,,,,,,-26.028871, -67.440123
VILLA DE ANTOFAGASTA,ANTOFAGASTA,SUPERFICIAL,,TOMA RIO LAS PITAS,3/20/2025,7.03,22,135.1,22.5,137.6,0.02,0.35,7.7,,,,,,-26.036694,-67.362639
LOS NACIMIENTOS,ANTOFAGASTA,SUPERFICIAL,,CIS,9/27/2024,8.33,24,224.8,2.11,219.9,0.01,0.52,13.29,,,,,,-25.815658,-67.361179
LOS NACIMIENTOS,ANTOFAGASTA,SUPERFICIAL,,CIS,10/12/2024,7.28,16,140.5,0.32,136.7,0.01,0.24,4.53,,,,,,-25.815658,-67.361179
ANTOFALLA,ANTOFAGASTA,SUPERFICIAL,,CIS,10/14/2024,8.56,18.9,389.5,1.22,364.03,0.04,1.05,7.77,,,,,,-25.510616,-67.62112
VILLA DE ANTOFAGASTA,ANTOFAGASTA,SUPERFICIAL,,CIS,10/15/2024,8.21,14.7,275.2,0.37,257.98,0.03,0.49,4.45,,,,,,-26.05889,-67.396423
EL PEŃON,ANTOFAGASTA,SUPERFICIAL,,CIS,10/16/2024,8.62,19.8,168.6,0.29,165.31,0.03,0.65,7.4,,,,,,-26.480543,-67.25341
CIUDAD DE TINOGASTA,TINOGASTA,MEZCLA,,CIS SANTA ROSA,11/2/2026,7.75,24.8,1111,0.27,1111,0.03,0.86,5.48,,,,,,-28.019417,-67.601602
LA GUARDIA,LA PAZ,SUBTERRANEA,,POZO N° 2,13/01/2026,7.12,27.3,2785,0.74,2785,0.05,0.75,43.44,,,,,,-29.554062,-65.457435
LA GUARDIA,LA PAZ,SUBTERRANEA,,POZO LA VIA,13/01/2026,7.36,28.6,2018,0.65,2018,0.05,0.74,50.4,,,,,,-29.554359,-65.453669
RECREO,LA PAZ,SUBTERRANEA,,CIS,13/01/2026,7.41,31.1,700.4,1.6,700.4,0.03,0.75,31.829,,,,,,-29.27611,-65.051796
RECREO,LA PAZ,SUBTERRANEA,,CIS,3/2/2026,7.87,26.3,701.2,3.45,701.2,0.03,0.7,24.39,,,,,,-29.27611,-65.051796
NUEVA CONETA,CAPAYAN,SUBTERRANEA,,POZO ESC. AGROTECNICA,10/4/2026,7.04,20.4,1598,0.59,1598,0.004,0.0712,190.8,,,,,,-28.547823,-65.829785
CIUDAD DE BELEN,BELEN,SUBTERRANEA,,POZO N°2 DIQUE,23/04/2026,7.35,18.6,677.2,"7,06",578.6,0.035,0.875,3.49,,,,,,-27.615113,-67.016681
CIUDAD DE BELEN,BELEN,SUBTERRANEA,,POZO LA QUEBRADA,23/04/2026,7.63,19,597.5,"0,61",597.5,0.015,0.731,6.74,,,,,,-27.626782,-67.023448
CIUDAD DE BELEN,BELEN,SUBTERRANEA,,POZO EL MOLINO,23/04/2026,7.63,19,597.5,"0,61",597.5,0.005,0.945,58.16,,,,,,-27.633165,-67.029733
CIUDAD DE BELEN,BELEN,SUBTERRANEA,,POZO LA BOMBONERA,23/04/2026,7.52,15.4,619,"0,29",619,0.015,0.784,5.29,,,,,,-27.646786,-67.019765
CIUDAD DE BELEN,BELEN,SUBTERRANEA,,POZO N° 1 LA BANDA,23/04/2026,7.56,16.5,583.6,"0,44",583.6,0.015,0.827,3.37,,,,,,-27.633722,-67.018307
CIUDAD DE BELEN,BELEN,SUBTERRANEA,,POZO N° 2 LA BANDA,23/04/2026,7.94,16.8,591,"0,38",591,0.025,0.805,2.69,,,,,,-27.6337,-67.01831
CIUDAD DE BELEN,BELEN,SUBTERRANEA,,CIS LA BANDA,23/04/2026,7.9,16.7,585.7,"0,92",585.7,0.02,0.843,3.47,,,,,,-27.633627,-67.016161
CIUDAD DE BELEN,BELEN,SUBTERRANEA,,POZO DIPINO,23/04/2026,7.76,19.8,636.7,"1,16",636.7,0.035,0.673,13.48,,,,,,-27.672791,-67.019058
LONDRES,BELEN,MEZCLA,,CIS EL MOLINO,23/04/2026,8.06,18.5,386.8,"0,6",386.8,0.004,0.819,2.63,,,,,,-27.699601,-67.165813
EL SHINCAL,BELEN,SUBTERRANEA,,CIS,23/04/2026,8.3,15.4,184.5,"2,2",184.5,0.004,0.692,2.64,,,,,,-27.688873,-67.193041
ICAŃO,LA PAZ,MEZCLA,,CIS,14/04/2025,8.9,21.7,213.9,2.67,235.02,0.005,0.61,5.07,,,,,,-28.918506,-65.33047
ICAŃO,LA PAZ,MEZCLA,,CIS,8/5/2025,7.9,21,248.8,17.8,237.2,0.005,0.57,3.26,,,,,,-28.918506,-65.33047
CAPITAL,CAPITAL,SUBTERRANEA,,P 10,3/3/2025,7.2,23.1,626,,0.593,0.005,0.4,56.6,,,,,,-28.486089,-65.771658
CAPITAL,CAPITAL,SUBTERRANEA,,P 10,3/6/2025,7.2,23.1,620,,0.588,0.005,0.41,55.4,,,,,,-28.486089,-65.771658
CAPITAL,CAPITAL,SUBTERRANEA,,P 10,3/9/2025,7.3,23.1,622,,0.589,0.005,0.42,55.1,,,,,,-28.486089,-65.771658
CAPITAL,CAPITAL,SUBTERRANEA,,P 10,3/12/2025,7.1,23.1,612,,0.58,0.005,0.41,54.9,,,,,,-28.486089,-65.771658
CAPITAL,CAPITAL,SUBTERRANEA,,P 2 PF,3/3/2025,7.2,23.1,1586,,1.504,0.005,0.89,205,,,,,,-28.449251,-65.756132
CAPITAL,CAPITAL,SUBTERRANEA,,P 46,3/3/2025,7.6,23.1,478,,0.454,0.005,0.34,47.7,,,,,,-28.486095,-65.766386
CAPITAL,CAPITAL,SUBTERRANEA,,P 46,3/6/2025,7.6,23.1,477,,0.452,0.005,0.35,48.4,,,,,,-28.486095,-65.766386
CAPITAL,CAPITAL,SUBTERRANEA,,P 46,3/9/2025,7.4,23.1,485,,0.46,0.005,0.34,47.6,,,,,,-28.486095,-65.766386
CAPITAL,CAPITAL,SUBTERRANEA,,P 46,3/12/2025,7.3,23.1,476,,0.451,0.005,0.33,48.4,,,,,,-28.486095,-65.766386
CAPITAL,CAPITAL,SUBTERRANEA,,P 52,3/3/2025,7,23.1,516,,0.49,0.005,0.39,37.8,,,,,,-28.492022,-65.770536
CAPITAL,CAPITAL,SUBTERRANEA,,P 52,3/6/2025,7,23.1,530,,0.503,0.005,0.39,38.2,,,,,,-28.492022,-65.770536
CAPITAL,CAPITAL,SUBTERRANEA,,P 52,3/9/2025,7.3,23.1,536,,0.508,0.005,0.41,40.3,,,,,,-28.492022,-65.770536
CAPITAL,CAPITAL,SUBTERRANEA,,P 52,3/12/2025,7,23.1,537,,0.509,0.005,0.42,41.2,,,,,,-28.492022,-65.770536
CAPITAL,CAPITAL,SUBTERRANEA,,P 62,3/3/2025,7.1,23.1,274,,0.26,0.005,0.47,14,,,,,,-28.512213,-65.774896
CAPITAL,CAPITAL,SUBTERRANEA,,P 62,3/6/2025,7.2,23.1,276,,0.262,0.005,0.49,14.6,,,,,,-28.512213,-65.774896
CAPITAL,CAPITAL,SUBTERRANEA,,P 62,3/9/2025,7.3,23.1,284,,0.269,0.005,0.5,15.2,,,,,,-28.512213,-65.774896
CAPITAL,CAPITAL,SUBTERRANEA,,P 62,3/12/2025,7.2,23.1,281,,0.266,0.005,0.48,15.7,,,,,,-28.512213,-65.774896
CAPITAL,CAPITAL,SUBTERRANEA,,P BH,3/3/2025,7.2,23.1,460,,0.436,0.005,0.41,13.3,,,,,,-28.548747,-65.79093
CAPITAL,CAPITAL,SUBTERRANEA,,P BH,3/6/2025,7.3,23.1,452,,0.428,0.005,0.43,13.2,,,,,,-28.548747,-65.79093
CAPITAL,CAPITAL,SUBTERRANEA,,P BH,3/9/2025,7.5,23.1,468,,0.444,0.005,0.41,18.4,,,,,,-28.548747,-65.79093
CAPITAL,CAPITAL,SUBTERRANEA,,P BH,3/12/2025,7.5,23.1,441,,0.418,0.005,0.36,18.7,,,,,,-28.548747,-65.79093
CAPITAL,CAPITAL,SUBTERRANEA,,P PZ,3/3/2025,7.4,23.1,652,,0.618,0.0103,1.04,5,,,,,,-28.46909,-65.639732
CAPITAL,CAPITAL,SUBTERRANEA,,P PZ,3/6/2025,7.1,23.1,651,,0.617,0.0128,1.05,5,,,,,,-28.46909,-65.639732
CAPITAL,CAPITAL,SUBTERRANEA,,P PZ,3/9/2025,7.7,23.1,664,,0.63,0.005,1.08,5,,,,,,-28.46909,-65.639732
CAPITAL,CAPITAL,SUBTERRANEA,,P PZ,3/12/2025,7.6,23.1,653,,0.62,0.005,1.04,5,,,,,,-28.46909,-65.639732
CAPITAL,CAPITAL,SUBTERRANEA,,R 1,3/3/2025,7.3,23.1,472,,0.447,0.005,0.38,37.2,,,,,,-28.457018,-65.792069
CAPITAL,CAPITAL,SUBTERRANEA,,R 1,3/6/2025,7.4,23.1,470,,0.445,0.005,0.39,37.7,,,,,,-28.457018,-65.792069
CAPITAL,CAPITAL,SUBTERRANEA,,R 1,3/9/2025,7.3,23.1,482,,0.457,0.005,0.38,38.4,,,,,,-28.457018,-65.792069
CAPITAL,CAPITAL,SUBTERRANEA,,R 1,3/12/2025,7.2,23.1,463,,0.439,0.005,0.38,36.9,,,,,,-28.457018,-65.792069
CAPITAL,CAPITAL,SUBTERRANEA,,R Norte,3/3/2025,7.4,23.1,1017,,0.964,0.005,0.36,62.1,,,,,,-28.443705, -65.788569
CAPITAL,CAPITAL,SUBTERRANEA,,R Norte,3/6/2025,7.6,23.1,948,,0.899,0.005,0.37,56.1,,,,,,-28.443705, -65.788569
CAPITAL,CAPITAL,SUBTERRANEA,,R Norte,3/9/2025,7.4,23.1,1003,,0.951,0.005,0.36,62.4,,,,,,-28.443705, -65.788569
CAPITAL,CAPITAL,SUBTERRANEA,,R Norte,3/12/2025,7.3,23.1,1053,,0.998,0.005,0.35,66.8,,,,,,-28.443705, -65.788569
CAPITAL,CAPITAL,SUBTERRANEA,,R Vial I,3/3/2025,7.1,23.1,618,,0.586,0.005,0.32,58,,,,,,-28.49345,-65.79719
CAPITAL,CAPITAL,SUBTERRANEA,,R Vial I,3/6/2025,7.1,23.1,603,,0.572,0.005,0.32,56.1,,,,,,-28.49345,-65.79719
CAPITAL,CAPITAL,SUBTERRANEA,,R Vial I,3/9/2025,7.1,23.1,616,,0.584,0.005,0.32,55.8,,,,,,-28.49345,-65.79719
CAPITAL,CAPITAL,SUBTERRANEA,,R Vial I,3/12/2025,7,23.1,605,,0.573,0.005,0.26,58.8,,,,,,-28.49345,-65.79719
EL ALTO,EL ALTO,SUPERFICIAL,DIQUE,DIQUE COLLAGASTA ,12/5/2026,"7,21","17,1","150,3","6,63",,"0,004","0,303","8,24","7,11","83,7","82,96",6036,,-28.33513,-65.302617
EL ALTO,EL ALTO,SUPERFICIAL,DIQUE,DIQUE LAS TUNAS,,,,,,,,,,,,,,,-28.237501,-65.379652
LA VIŃA,PACLIN,SUPERFICIAL,DIQUE,DIQUE SUMAMPA   ,,,,,,,,,,,,,,,-28.066701,-65.575336
ALIJILAN,SANTA ROSA,SUPERFICIAL,DIQUE,DIQUE LA CAŃADA,,,,,,,,,,,,,,,-28.168873,-65.52901
LA QUINTA,LA PAZ,SUPERFICIAL,DIQUE,DIQUE MOTEGASTA,,,,,,,,,,,,,,,-29.036454,-65.360751
